{"cameraMode":{"drawMode":0,"name":"Shaded","section":"Shading Mode"},"sceneLighting":false,"audioPlay":false,"sceneViewState":{"m_AlwaysRefresh":false,"showFog":true,"showSkybox":false,"showFlares":true,"showImageEffects":true,"showParticleSystems":true,"showVisualEffectGraphs":true,"m_FxEnabled":true},"in2DMode":false,"pivot":{"x":7.043539524078369,"y":4.519162654876709,"z":41.43825912475586},"rotation":{"x":-0.00030104900361038744,"y":0.9949520230293274,"z":-0.10033071041107178,"w":-0.0029848606791347267},"size":0.8660253882408142,"orthographic":false}